WellPlate,IDSample,FullID,FullIDOld,PlantOld,Site,Sector,SectorPlant,Leaf,Succession,SampleVolume_mL,SampleColor,PotentialVolume_mL,Cut,Damaged,pH,Bodo saltans,Bodo,Chrysomonad,Colpoda,Tetrahymena,Cyclidium,Euglena,Bodo-like drop,Bodo-like green,Colpoda-like flat,Snail-like,Chrysomonad-like big,Bodo saltans-like big,Bodo-like big,Colpoda-like flat2,indet.,Tetrahymena-like fat,Bodo-like tailed,Diamond-like,Tetrahymena-like round,Bodo-like coloured,Tetrahymena-like small,Colpidium,Chrysomonad-like small,Rotifera,Nematoda,Acari
C4,10,CB_1b_16_E,CB-1-2-16-E,2,CB,1,1b,16,E,2,brown,11,0,0,9,0,0,0,0,0,0,0,0,0,0,0,0,0,0,0,0,0,0,0,0,0,0,0,0,0,0,0
B3,23,CB_1a_03_E,CB-1-3-3-E,3,CB,1,1a,3,E,2.5,cloudy,21,0,0,8,0,6,> 1000,0,0,0,0,0,0,0,0,0,0,0,0,0,0,0,0,0,0,0,0,0,0,0,0
B8,17,CB_1a_09_L,CB-1-3-9-L,3,CB,1,1a,9,L,1.5,brown,3.5,0,1,8,0,0,0,>100,0,> 1000,> 1000,0,0,0,0,0,0,0,0,0,0,0,0,0,0,0,0,0,3,1,0
B9,20,CB_1a_06_E,CB-1-3-6-E,3,CB,1,1a,6,E,5,brown,22,0,0,8,0,6,>1000,0,0,0,2,> 1000,0,0,0,0,0,0,0,0,0,0,0,0,0,0,0,0,0,0,0
C3,16,CB_1a_10_L,CB-1-3-10-L,3,CB,1,1a,10,L,4,brown,30,0,0,7,0,2,>10,0,0,0,>500,0,0,>10,0,0,0,0,0,0,0,0,0,0,0,0,0,0,0,0,0
C7,22,CB_1a_04_L,CB-1-3-4-L,3,CB,1,1a,4,L,9,cloudy,29.5,0,0,6,>500,>500,4,0,0,0,>10,>100,0,>100,0,0,0,0,0,0,0,0,0,0,0,0,0,0,0,0,0
D5,14,CB_1a_12_L,CB-1-3-12-L,3,CB,1,1a,12,L,2,red,6,0,0,8,0,>10000,0,>250,0,0,0,0,3,0,0,0,0,0,0,0,0,0,0,0,0,0,0,0,0,0,2
D6,19,CB_1a_07_E,CB-1-3-7-E,3,CB,1,1a,7,E,4.5,clear,30.5,0,0,8,0,3,>10000,0,0,0,0,0,0,0,0,>100,0,0,0,0,0,0,0,0,0,0,0,0,0,0,0
D8,13,CB_1a_13_E,CB-1-3-13-E,3,CB,1,1a,13,E,1.5,cloudy,19,0,0,9,0,0,>500,0,0,0,0,>100,0,0,0,>100,0,>10000,0,0,0,0,0,0,0,0,0,0,0,0,0
E10,21,CB_1a_05_L,CB-1-3-5-L,3,CB,1,1a,5,L,5,green,18,0,0,7,0,0,>5000,1,0,0,>500,0,0,0,0,0,0,0,0,0,0,0,0,0,0,0,0,0,0,0,2
E3,18,CB_1a_08_E,CB-1-3-8-E,3,CB,1,1a,8,E,5,cloudy,42,0,0,8,1,0,>1000,0,0,0,9,7,0,0,0,0,0,0,0,0,0,0,0,0,0,0,0,0,0,0,0
E4,24,CB_1a_02_L,CB-1-3-2-L,3,CB,1,1a,2,L,4.5,green,9.5,0,0,6,0,>10,>100,0,0,0,>2500,0,0,1,0,0,0,0,0,0,0,0,0,0,0,0,0,0,0,0,0
E7,12,CB_1a_14_E,CB-1-3-14-E,3,CB,1,1a,14,E,3,brown,18,0,0,7.5,0,0,>10,0,0,0,>10,0,0,0,0,0,0,0,0,0,0,0,0,0,0,0,0,0,0,0,0
F4,15,CB_1a_11_E,CB-1-3-11-E,3,CB,1,1a,11,E,3,cloudy,10,0,0,7,0,0,>5000,0,0,0,0,0,0,0,0,0,0,0,0,0,0,0,0,0,0,0,0,0,0,0,0
G8,25,CB_1a_01_L,CB-1-3-1-L,3,CB,1,1a,1,L,7.5,clear,24,0,0,6,>10,0,0,0,0,>100,0,0,0,0,0,0,0,0,6,0,0,0,0,0,0,0,0,0,0,0,0
H11,11,CB_1a_15_L,CB-1-3-15-L,3,CB,1,1a,15,L,7,cloudy,25.5,0,0,6,NA,NA,NA,NA,NA,NA,NA,NA,NA,NA,NA,NA,NA,NA,NA,NA,NA,NA,NA,NA,NA,NA,NA,NA,NA,NA,NA
B10,58,CB_4a_10_L,CB-4-6-10-L,6,CB,4,4a,10,L,3,brown,28,0,0,8,0,0,0,0,0,0,>500,>10000,0,0,0,0,0,0,0,0,0,0,0,0,0,0,0,0,0,0,0
B2,57,CB_4a_11_E,CB-4-6-11-E,6,CB,4,4a,11,E,3,green,23.5,0,0,8,0,0,0,0,0,0,0,> 10000,0,0,0,0,0,0,0,0,0,0,0,0,0,0,0,0,0,0,0
B4,31,CB_4a_04_L,CB-4-6-4-L,6,CB,4,4a,4,L,3,brown,16,0,0,8,0,0,0,0,0,0,> 500,> 10000,0,0,0,0,0,0,0,0,0,0,0,0,0,0,0,0,0,0,0
B7,32,CB_4a_03_E,CB-4-6-3-E,6,CB,4,4a,3,E,3,cloudy,20,0,0,8,0,0,>500,0,0,0,1,> 500,0,0,0,0,0,0,0,0,0,0,0,0,0,0,0,0,0,0,0
C2,26,CB_4a_05_E,CB-4-6-5-E,6,CB,4,4a,5,E,2.5,green,9,0,0,8,0,0,>10000,0,0,0,6,0,0,0,0,0,0,0,0,0,0,0,0,0,0,0,0,0,0,0,2
C5,34,CB_4a_01_L,CB-4-6-1-L,6,CB,4,4a,1,L,5,green,33,0,0,7,>5000,0,0,0,0,>500,>100,0,0,0,0,0,0,0,0,0,0,0,0,0,0,0,0,0,0,0,0
C6,27,CB_4a_06_L,CB-4-6-6-L,6,CB,4,4a,6,L,7,brown,25,0,0,8,0,0,>5000,0,0,0,>100,>1000,0,0,0,0,0,0,0,0,0,0,0,0,0,0,0,0,0,0,0
D3,28,CB_4a_07_L,CB-4-6-7-L,6,CB,4,4a,7,L,2,brown,15,0,0,8,>100,>500,0,0,0,0,0,0,0,0,0,0,0,0,0,0,0,0,0,0,0,0,0,0,0,0,1
F8,29,CB_4a_08_L,CB-4-6-8-L,6,CB,4,4a,8,L,3,green,34,0,0,7,0,>1000,>10,0,0,0,>10,>1000,0,0,0,0,0,0,0,0,0,0,0,0,0,0,0,0,0,0,2
G10,33,CB_4a_02_L,CB-4-6-2-L,6,CB,4,4a,2,L,1.5,cloudy,25,0,0,NA,0,>1000,0,0,0,1,>10,0,0,0,0,0,0,0,>10,0,0,0,0,0,0,0,0,0,0,0,1
G4,30,CB_4a_09_E,CB-4-6-9-E,6,CB,4,4a,9,E,3,cloudy,20,0,0,8,0,0,0,0,0,0,0,0,0,0,0,0,0,0,0,0,0,0,0,0,0,0,0,0,0,0,0
B5,56,CB_4b_12_E,CB-4-7-12-E,7,CB,4,4b,12,E,2.5,cloudy,22,0,0,8,0,0,0,0,0,0,0,0,0,0,0,0,0,0,0,0,0,0,0,0,0,0,0,0,0,0,0
E9,62,CB_4b_14_L,CB-4-7-14-L,7,CB,4,4b,14,L,2,green,30,0,0,7.5,0,0,0,0,0,0,1,>10000,0,0,0,0,0,0,0,0,0,0,0,0,0,0,0,0,0,0,0
G6,61,CB_4b_13_E,CB-4-7-13-E,7,CB,4,4b,13,E,1.5,cloudy,17,0,0,8,0,0,0,0,0,0,0,0,0,0,0,0,0,0,0,0,0,0,0,0,0,0,0,0,0,0,0
B6,46,CB_2a_01_E,CB-2-10-1-E,10,CB,2,2a,1,E,1.5,green,11,0,0,8,0,0,0,0,0,0,0,0,7,0,0,0,0,0,0,0,0,0,0,0,0,0,0,0,0,0,0
C9,41,CB_2a_06_E,CB-2-10-6-E,10,CB,2,2a,6,E,1.5,green,20,0,0,9,0,0,0,0,0,0,0,0,0,0,0,0,0,0,0,0,0,0,0,0,0,0,0,0,0,0,0
D10,45,CB_2a_10_E,CB-2-10-10-E,10,CB,2,2a,10,E,1.5,green,21.5,0,0,9,0,0,0,0,0,>1000,0,0,0,0,0,0,0,0,0,0,0,0,0,0,0,0,0,0,0,0,0
D11,47,CB_2a_02_E,CB-2-10-2-E,10,CB,2,2a,2,E,1.5,green,10,1,0,8,0,0,0,0,0,0,0,0,0,0,0,0,>500,0,0,0,0,0,0,0,0,0,0,0,0,0,0
D7,40,CB_2a_11_E,CB-2-10-11-E,10,CB,2,2a,11,E,2,green,18,0,0,8.5,0,0,0,0,0,0,0,0,0,0,0,0,>5000,0,0,0,0,0,0,0,0,0,0,0,0,0,0
F11,50,CB_2a_05_E,CB-2-10-5-E,10,CB,2,2a,5,E,1.5,cloudy,17,0,0,NA,0,0,0,0,0,0,0,0,0,0,0,0,>500,0,0,0,0,0,0,0,0,0,0,0,0,0,0
F2,42,CB_2a_07_L,CB-2-10-7-L,10,CB,2,2a,7,L,1,red,22.5,0,0,9,0,0,0,0,0,0,0,0,0,0,0,0,>10000,0,0,0,0,0,0,0,0,0,0,0,0,0,0
F5,43,CB_2a_08_L,CB-2-10-8-L,10,CB,2,2a,8,L,3,brown,30,0,0,6.5,0,0,>1000,0,0,0,0,0,0,0,0,0,>1000,0,0,0,0,0,0,0,0,0,0,0,0,0,0
F6,44,CB_2a_09_L,CB-2-10-9-L,10,CB,2,2a,9,L,1.5,green,22,0,0,9,0,0,0,0,0,0,0,0,0,0,0,0,0,0,0,0,0,0,0,0,0,0,0,0,0,0,0
G2,48,CB_2a_03_L,CB-2-10-3-L,10,CB,2,2a,3,L,2.5,red,21,0,0,7,0,0,0,0,0,0,0,0,0,0,0,0,>1000,0,>250,0,0,0,0,0,0,0,0,0,0,0,0
G7,49,CB_2a_04_L,CB-2-10-4-L,10,CB,2,2a,4,L,2,brown,16,0,0,8,0,0,0,0,0,0,0,0,0,0,0,0,>5000,0,0,0,0,0,0,0,0,0,0,0,0,0,0
D2,6,CB_3b_04_L,CB-3-13-4-L,13,CB,3,3b,4,L,1,green,8.5,0,0,7,0,0,0,0,0,7,>1000,0,>10,0,0,0,0,0,0,0,0,0,0,0,0,0,0,0,0,0,1
E11,9,CB_3b_02_E,CB-3-13-2-E,13,CB,3,3b,2,E,1,cloudy,13,0,0,7,0,0,>10000,0,0,0,0,0,3,0,0,0,0,0,0,0,0,0,0,0,0,0,0,0,0,0,0
F10,8,CB_3b_01_E,CB-3-13-1-E,13,CB,3,3b,1,E,1.5,brown,4,0,0,NA,0,0,0,0,0,0,0,0,0,0,0,0,0,0,0,0,0,0,0,0,0,0,0,0,0,0,0
G11,7,CB_3b_03_L,CB-3-13-3-L,13,CB,3,3b,3,L,2,cloudy,20,0,0,7,0,0,>100,0,0,>500,>50,0,0,0,0,0,0,0,0,0,0,0,0,0,0,0,0,0,0,0,0
G5,5,CB_3b_05_E,CB-3-13-5-E,13,CB,3,3b,5,E,1,green,8,0,0,9,0,0,0,0,0,0,0,0,0,0,0,0,0,0,0,0,0,0,0,0,0,0,0,0,0,0,0
C11,39,CB_2b_12_E,CB-2-15-12-E,15,CB,2,2b,12,E,1.5,cloudy,15,0,0,9,0,0,0,0,0,0,0,0,0,0,0,0,0,0,0,0,0,0,0,0,0,0,0,0,0,0,0
E6,38,CB_2b_13_L,CB-2-15-13-L,15,CB,2,2b,13,L,1,green,42,0,0,6,0,>10,4,0,0,0,0,>100,1,0,0,0,0,0,0,0,0,0,0,0,0,0,0,0,0,0,3
F3,37,CB_2b_16_L,CB-2-15-16-L,15,CB,2,2b,16,L,5,brown,30,0,0,9,0,0,0,0,0,0,0,>10000,0,0,0,0,0,0,0,0,0,0,0,0,0,0,0,0,0,0,0
F7,35,CB_2b_14_L,CB-2-15-14-L,15,CB,2,2b,14,L,1.5,green,30,0,0,7,0,0,>100,0,0,0,>100,>100,0,0,0,0,0,0,0,0,0,0,0,0,0,0,0,0,0,0,0
F9,36,CB_2b_15_L,CB-2-15-15-L,15,CB,2,2b,15,L,2,brown,31.5,0,0,8,0,0,0,0,0,0,0,0,0,0,0,>1000,0,0,0,0,0,0,0,0,0,0,0,0,0,0,0
A4,51,CB_3a_14_L,CB-3-14_1-14-L,14_1,CB,3,3a,14,L,5,green,35,0,0,7,0,0,> 1000,0,6,> 1000,> 1000,0,0,0,0,0,0,0,0,0,0,0,0,0,0,0,0,0,0,0,0
C10,3,CB_3a_07_E,CB-3-14_1-7-E,14_1,CB,3,3a,7,E,2.5,green,8.5,0,0,7,0,7,0,0,0,>100,>250,0,>10,0,0,0,0,0,0,0,0,0,0,0,0,0,0,0,0,0,0
C8,4,CB_3a_06_L,CB-3-14_1-6-L,14_1,CB,3,3a,6,L,2.5,green,34,0,0,8,0,0,0,0,2,0,>500,0,0,4,2,0,0,0,0,0,0,0,0,0,0,0,0,0,0,0,0
D4,54,CB_3a_11_E,CB-3-14_1-11-E,14_1,CB,3,3a,11,E,2.5,cloudy,5,0,1,7,0,0,0,0,0,0,0,0,0,0,0,0,0,0,0,0,0,0,0,0,0,0,0,0,0,0,0
D9,1,CB_3a_09_E,CB-3-14_1-9-E,14_1,CB,3,3a,9,E,3,brown,19,1,0,8.5,0,0,>500,0,0,4,1,0,0,0,0,0,0,0,0,0,0,0,0,0,0,0,0,0,0,0,0
E2,2,CB_3a_08_E,CB-3-14_1-8-E,14_1,CB,3,3a,8,E,3,green,13,0,0,7,0,>1000,0,>250,0,0,7,0,1,0,0,0,0,0,0,0,0,0,0,0,0,0,0,0,0,0,0
E5,53,CB_3a_12_L,CB-3-14_1-12-L,14_1,CB,3,3a,12,L,3,red,38,0,0,7,0,0,0,0,0,0,>100,0,0,>100,0,0,0,0,>100,0,0,0,0,0,0,0,0,0,0,0,0
E8,55,CB_3a_10_E,CB-3-14_1-10-E,14_1,CB,3,3a,10,E,2.5,brown,25,0,0,7.5,0,0,0,0,0,0,0,0,0,0,0,0,0,0,0,0,0,0,0,0,0,0,0,0,0,0,1
G3,52,CB_3a_13_L,CB-3-14_1-13-L,14_1,CB,3,3a,13,L,3,brown,16,0,1,7,0,0,0,0,0,0,>1000,0,0,0,0,0,0,0,0,0,0,0,0,0,0,0,0,0,0,0,0
G9,60,CB_3a_15_L,CB-3-14_1-15-L,14_1,CB,3,3a,15,L,1.5,brown,26,0,0,NA,0,>1000,0,0,0,>100,>100,0,0,0,0,0,0,0,>100,0,0,0,0,0,0,0,0,0,0,0,0
B11,59,CB_3c_16_L,CB-3-14_2-16-L,14_2,CB,3,3c,16,L,3,cloudy,30,0,0,8,0,0,0,0,0,0,0,0,0,0,0,0,0,0,0,0,0,0,0,0,0,0,0,0,0,0,0
B4,90,LM_1b_03_L,LM-1-1-3-L,1,LM,1,1b,3,L,5,cloudy,7.5,0,0,7,0,0,0,0,0,0,0,0,0,0,0,0,0,2,0,0,>500,0,0,0,0,0,0,0,0,0,0
B6,96,LM_1b_07_L,LM-1-1-7-L,1,LM,1,1b,7,L,7.5,brown,12,0,1,6.5,0,0,0,0,0,0,0,0,0,8,0,0,0,>1000,>50,0,0,>100,0,0,0,0,0,0,0,0,0
B9,95,LM_1b_08_L,LM-1-1-8-L,1,LM,1,1b,8,L,7.5,cloudy,22,0,1,7,0,>10,0,0,0,0,0,0,0,0,0,>50,0,0,>100,0,0,0,0,0,0,0,0,0,0,0,0
E6,97,LM_1b_06_E,LM-1-1-6-E,1,LM,1,1b,6,E,5,cloudy,10.5,0,0,7,0,>10,0,0,0,0,0,0,0,0,0,0,0,0,0,0,>500,0,0,0,0,0,0,0,0,0,0
F9,89,LM_1b_04_E,LM-1-1-4-E,1,LM,1,1b,4,E,5,cloudy,18,0,0,9,0,0,0,0,0,0,0,0,5,0,0,0,0,0,0,0,0,0,0,0,0,0,0,0,0,0,0
G6,92,LM_1b_01_E,LM-1-1-1-E,1,LM,1,1b,1,E,5,clear,21,1,0,6,0,>5000,0,0,0,0,0,0,0,0,0,0,0,0,0,0,0,0,0,0,0,0,0,0,0,0,0
H5,88,LM_1b_05_L,LM-1-1-5-L,1,LM,1,1b,5,L,5,brown,18.5,0,0,8,0,0,0,0,0,0,0,0,0,0,0,0,0,>100,30,0,4,0,0,0,0,0,0,0,0,0,0
H8,91,LM_1b_02_E,LM-1-1-2-E,1,LM,1,1b,2,E,10,cloudy,14.5,0,0,7,0,0,>250,0,0,0,0,0,1,1,0,0,0,0,0,0,0,0,0,0,0,0,0,0,0,0,0
B10,93,LM_1a_10_E,LM-1-2-10-E,2,LM,1,1a,10,E,10,clear,18.5,0,0,7,0,>500,>1000,0,0,0,0,0,0,0,0,>10,0,0,0,0,0,0,0,0,0,0,0,0,0,0,0
C6,98,LM_1a_15_E,LM-1-2-15-E,2,LM,1,1a,15,E,7.5,brown,16,0,0,8,0,0,0,0,0,0,0,0,0,2,0,0,0,>10000,0,0,0,0,0,0,0,0,0,0,0,0,0
D4,94,LM_1a_09_L,LM-1-2-9-L,2,LM,1,1a,9,L,5,cloudy,14.5,0,0,7.5,0,0,0,0,0,0,0,0,>10,7,0,0,0,>1000,0,0,0,0,0,0,0,0,0,0,0,0,0
D6,102,LM_1a_11_L,LM-1-2-11-L,2,LM,1,1a,11,L,4,clear,8,0,0,6.5,0,0,0,0,0,0,0,0,0,1,0,0,0,0,0,0,0,0,>10,0,0,0,0,0,0,0,0
F4,101,LM_1a_12_E,LM-1-2-12-E,2,LM,1,1a,12,E,5,cloudy,17.5,0,0,8,0,0,0,0,0,0,0,0,0,0,0,0,0,>10000,2,0,0,0,0,0,0,0,0,0,0,0,0
G11,99,LM_1a_14_E,LM-1-2-14-E,2,LM,1,1a,14,E,7.5,clear,24,0,0,8,0,>100,>10,0,0,0,0,0,>10,0,0,0,0,0,0,0,0,0,0,0,0,0,0,0,0,0,0
G9,100,LM_1a_13_L,LM-1-2-13-L,2,LM,1,1a,13,L,5,brown,10.5,0,0,8,0,0,0,0,0,0,0,0,0,3,0,0,0,>2500,0,0,0,0,0,0,0,0,0,0,0,0,0
H4,107,LM_1a_16_L,LM-1-2-16-L,2,LM,1,1a,16,L,15,clear,23,0,0,6.5,0,0,0,0,0,0,0,0,1,0,0,0,0,0,0,0,0,0,0,0,0,0,0,0,0,0,0
C11,76,LM_3c_07_E,LM-3-6-7-E,6,LM,3,3c,7,E,7.5,clear,22.5,0,1,8,0,0,0,0,0,0,0,0,0,0,0,0,0,0,0,0,0,0,0,0,0,0,0,0,0,0,0
C2,73,LM_3c_04_L,LM-3-6-4-L,6,LM,3,3c,4,L,5,cloudy,6,0,0,8,0,0,0,0,0,0,0,0,>100,0,0,0,0,0,0,0,0,0,0,0,0,0,0,0,0,0,0
D2,74,LM_3c_05_E,LM-3-6-5-E,6,LM,3,3c,5,E,15,brown,27,0,0,7,0,0,0,0,0,0,0,0,0,0,0,0,0,0,0,0,0,0,0,0,0,0,0,0,0,0,0
E9,75,LM_3c_06_L,LM-3-6-6-L,6,LM,3,3c,6,L,7.5,red,18,0,1,8,0,0,0,0,0,0,0,0,0,0,0,0,0,0,0,0,0,0,0,0,0,0,0,0,0,0,0
F2,81,LM_3c_02_L,LM-3-6-2-L,6,LM,3,3c,2,L,5,brown,20,0,0,9,0,>10,0,0,0,0,0,0,0,0,0,0,0,0,0,0,0,0,0,0,0,0,0,0,0,0,0
F6,82,LM_3c_03_E,LM-3-6-3-E,6,LM,3,3c,3,E,17.5,cloudy,30,0,0,6.5,0,0,0,0,0,0,0,0,2,0,0,0,0,>100,0,0,0,0,0,0,0,0,0,0,0,0,0
G5,80,LM_3c_01_E,LM-3-6-1-E,6,LM,3,3c,1,E,5,clear,17.5,0,0,8,0,0,0,0,0,0,0,0,0,0,0,0,0,0,0,0,0,0,0,0,0,0,0,0,0,0,0
B7,69,LM_3a_10_L,LM-3-7A-10-L,7A,LM,3,3a,10,L,9.5,brown,17,0,0,7.5,0,0,0,0,0,0,0,0,0,0,0,0,0,0,0,0,0,0,0,0,0,0,0,0,0,0,0
C10,71,LM_3a_12_E,LM-3-7A-12-E,7A,LM,3,3a,12,E,7.5,cloudy,16,0,0,7,0,0,0,0,0,0,0,0,0,4,0,0,0,0,0,0,0,0,0,0,0,0,0,0,0,0,0
D10,77,LM_3a_08_L,LM-3-7A-8-L,7A,LM,3,3a,8,L,7.5,brown,20,0,0,8,0,0,0,0,0,0,0,0,0,0,0,0,0,0,0,0,0,0,0,0,0,0,0,0,0,0,0
D11,72,LM_3a_13_E,LM-3-7A-13-E,7A,LM,3,3a,13,E,7.5,clear,27,0,0,7,0,0,0,0,0,0,0,0,0,2,0,0,0,0,8,0,0,0,0,0,0,0,0,0,0,0,0
D3,68,LM_3a_09_E,LM-3-7A-9-E,7A,LM,3,3a,9,E,5,cloudy,14,0,0,8,0,0,0,0,0,0,0,0,4,0,0,0,0,0,0,0,0,0,0,0,0,0,0,0,0,0,0
G2,70,LM_3a_11_E,LM-3-7A-11-E,7A,LM,3,3a,11,E,7.5,cloudy,14,0,0,8,0,3,0,0,0,0,0,0,0,0,0,0,0,0,0,0,0,0,0,0,0,0,0,0,0,0,0
D7,64,LM_3b_14_L,LM-3-7B-14-L,7B,LM,3,3b,14,L,7.5,cloudy,13,0,0,7,0,0,0,0,0,0,0,0,0,0,0,0,0,0,0,0,0,0,0,0,0,0,0,0,0,0,0
E11,65,LM_3b_16_L,LM-3-7B-16-L,7B,LM,3,3b,16,L,6,clear,15,0,1,7,0,>10,>500,0,0,0,0,0,0,0,0,0,0,0,0,0,0,0,0,0,0,0,0,0,0,0,0
G3,63,LM_3b_15_L,LM-3-7B-15-L,7B,LM,3,3b,15,L,5,brown,17,0,0,7,0,0,0,0,0,0,0,0,0,0,0,0,0,0,>50,0,0,0,0,0,0,0,0,0,0,0,0
B2,85,LM_2a_12_E,LM-2-8B-12-E,8B,LM,2,2a,12,E,7.5,cloudy,28,0,0,7,0,0,0,0,0,0,0,0,0,0,0,0,0,0,0,0,0,0,0,0,0,0,0,0,0,0,0
C4,78,LM_2a_15_L,LM-2-8B-15-L,8B,LM,2,2a,15,L,7.5,red,16,0,0,9,0,0,0,0,0,0,0,0,0,0,0,0,0,0,0,0,0,0,0,0,0,0,0,0,0,0,0
C8,83,LM_2a_10_E,LM-2-8B-10-E,8B,LM,2,2a,10,E,5,cloudy,16,0,0,8,0,0,0,0,0,0,0,0,0,0,0,0,0,0,0,0,0,0,0,0,0,0,0,0,0,0,0
D5,86,LM_2a_13_L,LM-2-8B-13-L,8B,LM,2,2a,13,L,4,brown,13,0,0,9,0,>500,0,0,0,0,0,0,0,0,0,0,0,>50,0,0,0,0,0,0,0,0,0,0,0,0,0
E10,87,LM_2a_14_L,LM-2-8B-14-L,8B,LM,2,2a,14,L,7,brown,20,0,1,8,0,0,3,0,0,0,0,0,0,0,0,0,0,>100,0,0,0,0,0,0,0,0,0,0,0,0,0
F7,84,LM_2a_11_L,LM-2-8B-11-L,8B,LM,2,2a,11,L,4,red,15.5,0,0,9,0,0,>1000,0,0,0,0,0,0,0,0,0,0,>500,0,0,0,0,0,0,0,0,0,0,0,0,0
H3,108,LM_2a_09_E,LM-2-8B-9-E,8B,LM,2,2a,9,E,7.5,cloudy,20,0,0,6,0,>50,>50,0,0,0,0,0,0,5,0,0,0,0,0,1,0,>500,0,0,0,0,0,0,0,0,0
B3,109,LM_2b_08_L,LM-2-8C-8-L,8C,LM,2,2b,8,L,2,brown,18,0,0,7,0,0,0,0,0,0,0,0,0,0,0,0,0,>5000,0,0,0,0,0,0,0,0,0,0,0,0,0
C5,105,LM_2b_02_E,LM-2-8C-2-E,8C,LM,2,2b,2,E,7,brown,16,0,0,8,0,0,0,0,0,0,0,0,0,0,0,0,0,>1000,0,0,0,0,0,0,0,0,0,0,0,0,0
C7,104,LM_2b_03_L,LM-2-8C-3-L,8C,LM,2,2b,3,L,5,brown,35,0,0,9,0,>100,>10,0,0,0,0,0,0,0,0,0,0,>1000,0,0,0,0,0,0,0,0,0,0,0,0,0
E5,110,LM_2b_07_E,LM-2-8C-7-E,8C,LM,2,2b,7,E,5,brown,18,0,0,9,0,0,0,0,0,0,0,0,0,0,0,0,0,1,0,0,0,0,0,0,0,0,0,0,0,0,0
E7,106,LM_2b_01_L,LM-2-8C-1-L,8C,LM,2,2b,1,L,5,brown,13.5,0,0,9,0,>2500,0,0,0,0,0,0,0,0,0,0,0,>1000,0,0,0,0,0,0,0,0,0,0,0,0,0
F3,103,LM_2b_04_E,LM-2-8C-4-E,8C,LM,2,2b,4,E,9,brown,22.5,0,0,8,0,>10,0,0,0,0,0,0,0,0,0,0,0,>1000,0,0,0,0,0,0,0,0,0,0,0,0,0
G10,111,LM_2b_06_E,LM-2-8C-6-E,8C,LM,2,2b,6,E,5,cloudy,21,0,0,7,0,>2500,>2500,0,0,0,0,0,0,0,0,>50,0,0,0,0,0,0,0,0,0,0,0,0,0,0,0
H6,79,LM_2b_16_E,LM-2-8C-16-E,8C,LM,2,2b,16,E,5,cloudy,16,0,0,8,0,0,0,0,0,0,0,0,0,0,0,0,0,>100,0,0,0,0,0,0,0,0,0,0,0,0,0
H7,112,LM_2b_05_L,LM-2-8C-5-L,8C,LM,2,2b,5,L,10,green,17,0,0,8,0,>50,0,0,0,0,0,0,>1000,0,0,0,0,>100,0,0,0,0,0,0,0,0,0,0,0,0,0
B5,122,LM_4a_11_L,LM-4-9A-11-L,9A,LM,4,4a,11,L,2.5,cloudy,3.5,0,0,NA,0,0,1,0,0,0,0,0,0,7,0,0,0,0,0,0,0,0,0,0,0,0,0,0,0,0,0
B8,128,LM_4a_07_L,LM-4-9A-7-L,9A,LM,4,4a,7,L,3.5,brown,7,0,0,9,0,0,0,0,0,0,0,0,0,0,0,0,0,>500,0,0,0,0,0,0,0,0,0,0,0,0,0
D8,121,LM_4a_10_E,LM-4-9A-10-E,9A,LM,4,4a,10,E,2.5,brown,5,0,0,NA,0,0,0,0,0,0,0,0,0,0,0,0,0,0,0,0,0,0,0,0,0,0,0,0,0,0,0
E2,119,LM_4a_08_L,LM-4-9A-8-L,9A,LM,4,4a,8,L,3.5,brown,9.5,0,0,8,0,0,0,0,0,0,0,0,0,0,0,0,0,9,0,0,0,0,0,0,0,0,0,0,0,0,0
E4,120,LM_4a_09_E,LM-4-9A-9-E,9A,LM,4,4a,9,E,4.5,cloudy,8,0,0,7,0,0,0,0,0,0,0,0,0,0,0,0,0,0,0,0,0,0,0,0,0,0,0,0,0,0,0
C3,66,LM_4b_01_L,LM-4-9B-1-L,9B,LM,4,4b,1,L,1.5,brown,5.5,0,0,NA,0,0,0,0,0,0,0,0,0,0,0,0,0,0,0,0,0,0,0,0,0,0,0,0,0,0,0
E8,113,LM_4b_18_L,LM-4-9B-18-L,9B,LM,4,4b,18,L,1.5,cloudy,6,0,0,NA,0,0,0,0,0,0,0,0,0,5,0,0,0,0,>10,0,0,0,0,1,0,0,0,0,0,0,0
F11,124,LM_4b_03_E,LM-4-9B-3-E,9B,LM,4,4b,3,E,4.5,cloudy,7,0,0,7,0,0,0,0,0,0,0,0,0,0,0,0,0,0,0,0,0,0,0,0,0,0,0,0,0,0,0
F8,125,LM_4b_04_E,LM-4-9B-4-E,9B,LM,4,4b,4,E,3.5,cloudy,7.5,0,0,7,0,0,0,0,0,0,0,0,0,0,0,0,0,0,0,0,0,0,0,0,0,0,0,0,0,0,0
G8,67,LM_4b_02_L,LM-4-9B-2-L,9B,LM,4,4b,2,L,2.5,brown,9.5,0,0,9,0,0,0,0,0,0,0,0,0,0,0,0,0,0,0,0,0,0,0,0,0,0,0,0,0,0,0
C9,123,LM_4c_12_E,LM-4-9C-12-E,9C,LM,4,4c,12,E,5,cloudy,14,0,0,9,0,0,0,0,0,0,0,0,0,0,0,0,0,0,0,0,0,0,0,0,0,0,0,0,0,0,0
D9,116,LM_4c_15_L,LM-4-9C-15-L,9C,LM,4,4c,15,L,3,brown,4,0,0,7,0,0,0,0,0,0,0,0,0,0,0,0,0,0,0,0,0,0,0,0,0,0,0,0,0,0,0
E3,117,LM_4c_16_L,LM-4-9C-16-L,9C,LM,4,4c,16,L,2.5,red,6.5,0,0,NA,0,0,0,0,0,0,0,0,0,0,0,0,0,0,0,0,0,0,0,0,0,0,0,0,0,0,0
F5,114,LM_4c_13_E,LM-4-9C-13-E,9C,LM,4,4c,13,E,4,red,8,0,0,9,0,0,0,0,0,0,0,0,0,0,0,0,0,0,0,0,0,0,0,0,0,0,0,0,0,0,0
G4,115,LM_4c_14_L,LM-4-9C-14-L,9C,LM,4,4c,14,L,4,red,8,0,0,9,0,0,0,0,0,0,0,0,0,0,0,0,0,0,0,0,0,0,0,0,0,0,0,0,0,0,0
B11,126,LM_4c_05_L,LM-4-9D-5-L,9D,LM,4,4c,5,L,2.5,brown,4,0,0,NA,0,0,0,0,0,0,0,0,7,0,0,0,0,0,0,0,0,0,0,0,0,0,0,0,0,0,0
F10,118,LM_4c_17_L,LM-4-9D-17-L,9D,LM,4,4c,17,L,1,brown,4,0,0,NA,0,0,0,0,0,0,0,0,3,0,0,0,0,0,0,0,0,0,0,0,0,0,0,0,0,0,0
H9,127,LM_4a_06_E,LM-4-9A-6-E,9A,LM,4,4a,6,E,2.5,cloudy,5,0,0,NA,0,>100,0,0,0,0,0,0,>50,0,0,0,0,>500,0,0,0,0,0,0,0,0,0,0,0,0,0
B3,140,LT_1a_14_E,LT-1-1A-14-E,1A,LT,1,1a,14,E,4.5,clear,5,0,1,6,>100,0,>10,0,0,0,0,0,>10,0,0,0,0,>10,0,0,0,0,0,0,0,0,0,0,0,0,0
D4,139,LT_1a_15_E,LT-1-1A-15-E,1A,LT,1,1a,15,E,3,clear,14,0,0,8,0,1,0,0,0,0,0,0,0,0,0,0,0,0,0,0,0,0,0,0,0,0,0,0,0,0,0
G3,147,LT_1a_16_E,LT-1-1A-16-E,1A,LT,1,1a,16,E,10,clear,20,0,0,6.5,>100,0,0,0,0,0,0,0,0,0,0,0,0,0,0,0,0,0,0,0,0,0,0,0,0,0,0
B10,142,LT_1b_12_E,LT-1-1B-12-E,1B,LT,1,1b,12,E,7.5,cloudy,8,0,1,6.5,>5000,0,0,0,0,0,0,0,1,0,0,0,0,0,0,0,0,0,0,0,0,0,0,0,0,0,0
B8,133,LT_1b_01_L,LT-1-1B-1-L,1B,LT,1,1b,1,L,10,brown,16,0,0,6.5,>500,0,0,0,0,0,0,0,0,>10,0,0,0,0,>100,0,0,0,0,0,0,0,0,0,0,0,0
E10,141,LT_1b_13_E,LT-1-1B-13-E,1B,LT,1,1b,13,E,10,cloudy,13,0,0,7,>5000,0,0,0,0,0,0,0,0,0,0,>50,>10,0,>250,0,0,0,0,0,0,0,0,0,0,0,0
E2,130,LT_1b_04_L,LT-1-1B-4-L,1B,LT,1,1b,4,L,7,clear,40,0,0,7.5,0,>1000,0,0,0,0,0,0,0,0,0,0,0,0,5,0,0,0,0,0,0,0,0,0,0,0,0
F11,131,LT_1b_03_L,LT-1-1B-3-L,1B,LT,1,1b,3,L,5,clear,10,0,0,6,>100,0,>10,3,0,>500,0,0,0,0,0,0,0,0,0,0,0,0,0,0,0,0,0,0,1,0,0
F7,132,LT_1b_02_E,LT-1-1B-2-E,1B,LT,1,1b,2,E,9,cloudy,19.5,0,0,6,>5000,0,0,0,0,>100,0,0,0,0,0,0,0,0,0,0,0,0,0,0,0,0,0,0,0,0,0
B11,138,LT_1c_06_L,LT-1-1C-6-L,1C,LT,1,1c,6,L,6,clear,11,0,1,6.5,14,0,0,0,0,0,2,0,3,0,0,0,0,0,0,0,0,0,0,0,0,0,0,0,0,0,0
B7,134,LT_1c_10_L,LT-1-1C-10-L,1C,LT,1,1c,10,L,13,green,19.5,0,0,6.5,>1000,0,0,0,0,0,>100,0,>2500,0,0,0,0,0,>100,0,0,0,0,0,0,0,0,0,0,0,0
B9,146,LT_1c_17_E,LT-1-1C-17-E,1C,LT,1,1c,17,E,2,clear,2,0,1,6.5,>100,>100,0,0,2,0,>100,0,>100,>10,0,0,0,0,0,0,>10,0,0,0,0,0,0,0,0,0,1
C11,137,LT_1c_07_L,LT-1-1C-7-L,1C,LT,1,1c,7,L,7.5,clear,9.5,0,1,6,>100,0,0,0,0,0,8,0,22,2,0,0,0,0,0,0,0,0,0,0,0,0,0,0,0,0,0
D11,143,LT_1c_11_L,LT-1-1C-11-L,1C,LT,1,1c,11,L,5,clear,10,0,0,6,0,0,0,0,0,0,0,0,0,0,0,0,0,0,0,0,0,0,0,0,0,0,0,0,0,0,0
D2,135,LT_1c_09_L,LT-1-1C-9-L,1C,LT,1,1c,9,L,8,clear,19.5,0,0,6,0,0,0,0,0,0,0,0,0,35,0,0,0,0,0,0,0,0,0,0,0,0,0,0,0,0,1
F10,129,LT_1c_05_E,LT-1-1C-5-E,1C,LT,1,1c,5,E,7.5,cloudy,22.5,0,0,6,>10000,0,0,0,0,0,1,0,>10,0,0,0,0,0,0,0,0,0,0,0,0,0,0,0,0,0,0
H7,136,LT_1c_08_L,LT-1-1C-8-L,1C,LT,1,1c,8,L,10,clear,32,0,0,6,0,>50,0,0,0,0,0,0,0,0,0,0,0,0,0,0,0,0,0,0,0,0,0,0,0,0,0
B2,144,LT_2a_02_L,LT-2-3A-2-L,3A,LT,2,2a,2,L,15,green,28,0,0,6.5,>1000,0,0,0,0,>1000,>2500,0,>100,0,0,>100,0,0,0,0,0,0,0,0,0,0,0,0,0,0,0
C10,152,LT_2a_04_L,LT-2-3A-4-L,3A,LT,2,2a,4,L,10,clear,18,0,1,6,0,0,>50,0,0,0,>100,0,>50,>10,0,0,0,0,0,0,0,0,0,0,0,0,0,0,0,0,0
C4,148,LT_2a_03_E,LT-2-3A-3-E,3A,LT,2,2a,3,E,4,clear,4,0,1,6,>5000,0,>1000,1,0,>10,5,0,2,4,0,0,0,0,0,0,0,0,0,0,0,0,0,0,0,0,0
C5,173,LT_2a_08_L,LT-2-3A-8-L,3A,LT,2,2a,8,L,12.5,green,20,1,0,6.5,>50,0,0,0,0,>100,>1000,>1000,>10,>50,0,>50,0,0,0,0,0,0,0,0,0,0,0,0,0,0,0
C9,149,LT_2a_07_L,LT-2-3A-7-L,3A,LT,2,2a,7,L,15,clear,30,0,0,6,>50,>250,>100,0,0,0,>50,0,>10,1,0,0,0,0,0,0,0,0,0,0,0,0,0,0,0,0,0
D8,151,LT_2a_05_E,LT-2-3A-5-E,3A,LT,2,2a,5,E,7.5,clear,30.5,0,0,6,>100,0,>50,0,0,0,0,0,0,0,0,0,0,>10,0,0,0,0,0,0,0,0,0,0,0,0,0
E8,150,LT_2a_06_E,LT-2-3A-6-E,3A,LT,2,2a,6,E,10,green,28,0,0,6,>1000,0,>2500,0,0,>100,>50,0,>100,0,0,0,0,0,0,0,0,0,0,0,0,0,0,0,0,0,0
G6,145,LT_2a_01_L,LT-2-3A-1-L,3A,LT,2,2a,1,L,14,green,23.5,0,0,6,>500,0,>100,0,0,>100,>1000,>100,>100,1,0,0,0,0,0,0,0,0,0,0,0,0,0,0,0,0,0
H6,174,LT_2a_09_E,LT-2-3A-9-E,3A,LT,2,2a,9,E,12.5,clear,24,0,0,6,>10,0,>10,0,0,0,3,>100,0,0,0,0,0,0,0,0,0,0,0,0,0,0,0,0,0,0,0
F8,170,LT_2b_15_E,LT-2-3B-15-E,3B,LT,2,2b,15,E,5,cloudy,23,0,0,7,0,>1000,>5000,0,0,0,0,>500,0,0,0,0,0,0,4,0,3,0,0,0,0,0,0,0,0,0,0
F9,176,LT_2b_11_L,LT-2-3B-11-L,3B,LT,2,2b,11,L,9,brown,31,0,0,8,0,0,>2500,0,0,0,1,>10000,0,0,0,0,0,0,0,0,0,0,0,0,0,0,0,0,0,0,0
G10,177,LT_2b_12_E,LT-2-3B-12-E,3B,LT,2,2b,12,E,4.5,cloudy,14.5,0,0,7.5,>5000,0,0,0,0,0,0,0,0,0,0,0,0,0,0,0,0,0,0,0,0,0,0,0,0,0,0
G11,171,LT_2b_16_E,LT-2-3B-16-E,3B,LT,2,2b,16,E,4.5,cloudy,12.5,0,1,6.5,>10000,0,0,0,0,0,0,0,0,0,0,0,0,0,0,0,0,0,0,0,0,0,0,0,0,0,0
G9,175,LT_2b_10_E,LT-2-3B-10-E,3B,LT,2,2b,10,E,10,clear,32,0,0,7,>1000,0,0,0,0,0,0,>1000,0,0,0,0,0,0,0,0,0,0,0,0,0,0,0,0,0,0,0
H4,169,LT_2b_14_L,LT-2-3B-14-L,3B,LT,2,2b,14,L,4.5,cloudy,24,0,0,6,>10000,0,>1000,15,0,0,0,0,>10,2,0,0,0,0,0,0,0,0,0,0,0,0,0,0,0,0,2
H8,168,LT_2b_13_L,LT-2-3B-13-L,3B,LT,2,2b,13,L,5,green,16,0,0,8,0,0,>2500,0,0,0,0,>10000,0,0,0,0,0,0,0,0,0,0,0,0,0,0,0,0,0,0,0
C6,159,LT_3a_08_E,LT-3-5A-8-E,5A,LT,3,3a,8,E,12.5,cloudy,23,0,0,6.5,>100,0,0,0,0,0,0,>250,0,6,0,>2500,0,0,0,0,0,0,0,0,0,0,0,0,0,0,0
D10,166,LT_3a_05_E,LT-3-5A-5-E,5A,LT,3,3a,5,E,5,green,28,0,0,8,0,0,0,0,0,0,0,>10000,0,0,0,0,0,0,>500,0,0,0,0,0,0,0,0,0,0,0,0
D3,161,LT_3a_10_E,LT-3-5A-10-E,5A,LT,3,3a,10,E,7.5,cloudy,17.5,0,1,8,>100,>10000,>1000,0,0,0,0,0,0,8,0,0,0,>100,0,0,0,0,0,0,0,0,0,0,0,0,0
D5,165,LT_3a_04_E,LT-3-5A-4-E,5A,LT,3,3a,4,E,4.5,clear,8.5,0,1,6,>50,>500,>500,0,0,0,0,0,0,0,0,0,0,>50,0,0,0,0,0,0,0,0,0,0,0,0,0
D6,158,LT_3a_07_L,LT-3-5A-7-L,5A,LT,3,3a,7,L,19,clear,26.5,0,0,6,0,>100,0,0,0,0,0,0,0,0,0,>1000,0,0,0,0,0,0,0,0,0,0,0,0,0,0,0
D9,162,LT_3a_11_E,LT-3-5A-11-E,5A,LT,3,3a,11,E,2,green,7,0,0,9,>500,0,0,0,0,0,0,>10000,0,0,0,0,0,0,0,0,0,0,0,0,0,0,0,0,0,0,0
E11,156,LT_3a_14_L,LT-3-5A-14-L,5A,LT,3,3a,14,L,10,clear,20,0,0,7,0,0,0,0,0,2,0,>1000,0,0,0,0,0,0,0,0,0,0,0,0,0,0,0,0,0,0,0
E3,167,LT_3a_06_E,LT-3-5A-6-E,5A,LT,3,3a,6,E,5.5,clear,8,0,0,7,>100,>100,>500,0,0,0,0,>50,0,0,0,0,0,0,0,0,0,0,0,0,0,0,0,0,0,0,0
E4,160,LT_3a_09_L,LT-3-5A-9-L,5A,LT,3,3a,9,L,7.5,clear,17,0,0,6.5,0,>1000,0,0,0,>1000,0,0,0,0,0,>10,0,0,0,0,0,0,0,0,0,0,0,0,0,0,0
F4,164,LT_3a_03_L,LT-3-5A-3-L,5A,LT,3,3a,3,L,7.5,clear,14,0,0,6,>50,0,>500,0,0,0,0,>50,>10,0,0,0,0,0,0,0,0,0,0,0,0,0,0,0,0,0,0
F5,154,LT_3a_12_E,LT-3-5A-12-E,5A,LT,3,3a,12,E,7.5,clear,37,0,0,7.5,>50,0,>250,0,0,0,0,>50,0,0,0,0,0,0,0,0,0,0,0,0,0,0,0,0,0,0,0
F6,153,LT_3a_16_L,LT-3-5A-16-L,5A,LT,3,3a,16,L,14,clear,31,0,0,6,>50,0,>100,0,0,0,0,>100,>10,0,0,0,0,0,>50,1,0,0,0,0,0,0,0,0,0,0,0
G4,155,LT_3a_13_L,LT-3-5A-13-L,5A,LT,3,3a,13,L,15,clear,20,0,0,6.5,0,>1000,0,0,0,6,0,0,2,0,0,>1000,0,0,0,0,0,0,0,0,0,0,0,0,0,0,0
G5,157,LT_3a_15_L,LT-3-5A-15-L,5A,LT,3,3a,15,L,2.5,brown,9,0,0,6,>1000,0,>1000,0,0,0,0,>500,0,0,0,0,0,0,>50,0,0,0,0,0,0,0,0,0,0,0,0
G7,172,LT_3a_01_L,LT-3-5A-1-L,5A,LT,3,3a,1,L,12.5,green,14.5,0,0,6,0,0,>2500,0,0,0,0,>10000,0,0,0,0,0,0,0,0,0,0,0,0,0,0,0,0,0,0,0
H5,163,LT_3a_02_E,LT-3-5A-2-E,5A,LT,3,3a,2,E,14,cloudy,29,0,0,7,0,0,>1000,0,0,0,0,>2500,0,0,0,0,0,0,0,0,0,0,0,0,0,0,0,0,0,0,0
B4,192,LT_4a_04_L,LT-4-6A-4-L,6A,LT,4,4a,4,L,10,clear,40,0,0,7.5,0,>5000,0,0,0,0,0,0,0,0,0,0,0,0,0,0,0,0,0,0,0,0,0,0,0,0,0
B5,190,LT_4a_02_L,LT-4-6A-2-L,6A,LT,4,4a,2,L,4.5,brown,28,0,0,7,0,0,0,0,0,0,0,0,0,0,0,0,0,0,0,0,0,0,0,0,0,0,0,0,0,0,0
B6,184,LT_4a_05_L,LT-4-6A-5-L,6A,LT,4,4a,5,L,10,brown,31.5,0,0,7,0,>1000,0,0,0,0,0,0,0,>10,0,0,0,0,>500,0,0,0,0,0,0,0,0,0,0,0,0
C2,181,LT_4a_12_L,LT-4-6A-12-L,6A,LT,4,4a,12,L,15,brown,39,0,0,7,>10000,0,0,0,0,0,0,0,6,0,0,0,0,0,0,0,0,0,0,0,0,0,0,0,0,0,0
C3,186,LT_4a_07_E,LT-4-6A-7-E,6A,LT,4,4a,7,E,5,clear,7.5,0,0,7,0,0,0,0,0,0,0,0,0,0,0,0,0,0,0,0,0,0,0,0,0,0,0,0,0,0,0
D7,189,LT_4a_01_L,LT-4-6A-1-L,6A,LT,4,4a,1,L,10,green,43,0,0,6,>10000,0,0,0,0,0,0,0,>500,>10,0,0,0,0,0,0,0,0,0,0,0,0,0,0,0,0,0
E6,185,LT_4a_06_E,LT-4-6A-6-E,6A,LT,4,4a,6,E,5,clear,26,0,0,7.5,0,0,0,0,0,0,0,0,0,0,0,0,0,0,0,0,0,0,0,0,0,0,0,0,0,0,0
E7,187,LT_4a_08_L,LT-4-6A-8-L,6A,LT,4,4a,8,L,15,cloudy,35,0,0,7,>1000,0,0,0,0,0,0,0,0,0,0,0,0,>250,0,0,0,0,0,0,0,0,0,0,0,0,0
E9,191,LT_4a_03_L,LT-4-6A-3-L,6A,LT,4,4a,3,L,5,brown,20.5,0,0,8,0,>50,4,0,0,0,0,0,0,0,0,0,0,>250,0,0,0,0,0,0,0,0,0,0,0,0,0
F2,179,LT_4a_10_E,LT-4-6A-10-E,6A,LT,4,4a,10,E,19,clear,31,0,0,6.5,>100,>500,0,0,0,0,0,0,0,0,0,0,0,0,0,0,0,0,0,0,0,0,0,0,0,0,0
G2,188,LT_4a_09_E,LT-4-6A-9-E,6A,LT,4,4a,9,E,17.5,brown,45.5,0,0,7,>2500,0,0,0,0,0,0,0,>10,0,0,0,0,0,>50,0,0,0,0,0,0,0,0,0,0,0,0
G8,180,LT_4a_11_L,LT-4-6A-11-L,6A,LT,4,4a,11,L,10,red,30.5,0,0,7,0,1,0,0,0,0,0,0,1,0,0,0,0,0,23,0,0,0,0,0,0,0,0,0,0,0,0
C7,183,LT_4b_14_E,LT-4-6B-14-E,6B,LT,4,4b,14,E,4.5,clear,20,0,0,7,0,0,0,0,0,0,0,0,0,0,0,0,0,0,0,0,0,0,0,0,0,0,0,0,0,0,0
C8,193,LT_4b_15_E,LT-4-6B-15-E,6B,LT,4,4b,15,E,4,clear,14.5,0,0,6,0,0,0,0,0,0,0,0,0,0,0,0,0,0,0,0,0,0,0,0,0,0,0,0,0,0,1
E5,182,LT_4b_13_E,LT-4-6B-13-E,6B,LT,4,4b,13,E,10,clear,36.5,0,0,7,0,>250,>10,0,0,0,0,0,0,0,0,0,0,0,0,0,0,0,0,0,0,0,0,0,0,0,0
F3,178,LT_4b_16_E,LT-4-6B-16-E,6B,LT,4,4b,16,E,12.5,clear,34,0,0,6.5,0,0,0,0,0,0,0,0,0,0,0,0,0,0,0,0,0,0,0,0,0,0,0,0,0,0,0
B2,247,LE_4c_15_L,LE-4-3-15-L,3,LE,4,4c,15,L,1.5,clear,11.5,0,0,NA,0,0,>500,0,0,0,2,0,0,0,0,0,0,>250,0,0,0,0,0,0,0,0,0,0,0,0,0
B3,245,LE_4c_13_E,LE-4-3-13-E,3,LE,4,4c,13,E,4,clear,18,0,0,7,0,>500,>1000,0,0,0,1,0,>10,0,0,0,0,>500,0,0,0,0,0,0,0,0,0,0,0,0,0
B9,244,LE_4c_12_L,LE-4-3-12-L,3,LE,4,4c,12,L,10,brown,52,0,0,7.5,0,>500,>10000,0,0,0,>10,0,0,0,0,0,0,0,>50,0,0,0,0,0,0,0,0,0,0,0,0
C10,246,LE_4c_14_L,LE-4-3-14-L,3,LE,4,4c,14,L,5,cloudy,54,0,0,7,0,0,>1000,0,0,0,6,0,0,1,0,0,0,>10000,0,0,0,0,0,0,0,0,0,0,0,0,0
C11,243,LE_4b_10_L,LE-4-10B-10-L,10B,LE,4,4b,10,L,2,cloudy,10,0,0,NA,0,0,>2500,0,0,0,0,>250,0,0,0,0,0,>50,0,0,0,0,0,0,0,0,0,0,0,0,0
C3,256,LE_4b_04_L,LE-4-10B-4-L,10B,LE,4,4b,4,L,5,brown,17,0,0,7,0,0,>5000,>100,0,0,>500,0,0,0,0,0,>50,0,>50,0,0,0,0,0,0,0,0,0,0,0,0
C5,251,LE_4b_09_E,LE-4-10B-9-E,10B,LE,4,4b,9,E,10.5,red,32,0,0,7,0,0,0,0,0,0,0,0,0,0,0,0,0,0,0,0,0,0,0,0,0,0,0,0,0,0,0
D2,257,LE_4b_05_E,LE-4-10B-5-E,10B,LE,4,4b,5,E,5,cloudy,36,0,0,7,0,0,0,0,0,0,0,0,0,0,0,0,0,>250,>100,0,0,0,0,0,0,0,0,0,0,0,0
E11,253,LE_4b_01_L,LE-4-10B-1-L,10B,LE,4,4b,1,L,5,brown,7.5,0,0,7.5,0,0,>2500,0,0,0,4,0,0,0,0,0,0,0,>1000,0,0,0,0,0,0,0,0,0,0,0,0
E4,250,LE_4b_08_L,LE-4-10B-8-L,10B,LE,4,4b,8,L,10,red,20,1,0,8,0,0,0,0,0,0,0,0,0,0,0,0,0,0,0,0,0,0,0,0,0,0,0,0,0,0,0
E7,249,LE_4b_07_E,LE-4-10B-7-E,10B,LE,4,4b,7,E,5,brown,10,0,0,8,0,0,>2500,0,0,2,0,0,0,0,0,0,0,0,>50,0,2,0,0,0,0,0,0,0,0,0,0
F7,254,LE_4b_02_E,LE-4-10B-2-E,10B,LE,4,4b,2,E,5,clear,27,0,0,5,0,0,>1000,>50,0,0,0,0,0,0,0,0,0,0,0,0,0,0,0,0,0,0,0,0,0,0,0
F8,248,LE_4b_06_E,LE-4-10B-6-E,10B,LE,4,4b,6,E,2,clear,6,0,0,6,0,0,>2500,0,0,0,0,0,0,0,0,0,0,0,27,0,0,0,0,0,0,0,0,0,0,0,0
H6,255,LE_4b_03_E,LE-4-10B-3-E,10B,LE,4,4b,3,E,5,clear,6.5,0,0,8,0,0,>5000,0,0,0,>100,0,0,0,0,0,>50,0,0,0,0,0,0,0,0,0,0,0,0,0,0
D10,242,LE_4a_16_L,LE-4-2B-16-L,2B,LE,4,4a,16,L,5,cloudy,37,0,0,6.5,0,0,0,0,0,0,0,0,0,0,0,0,0,0,>250,0,0,0,0,0,0,0,0,0,0,0,0
D11,252,LE_4a_11_E,LE-4-2B-11-E,2B,LE,4,4a,11,E,5,cloudy,23.5,0,0,7,0,0,0,0,0,0,0,0,0,0,0,0,0,0,>250,0,0,0,0,0,0,0,0,0,0,0,0
E2,201,LE_3b_01_E,LE-3-5B-1-E,5B,LE,3,3b,1,E,5,clear,28,0,0,5,0,>50,>1000,0,0,>500,0,0,0,0,0,0,0,0,0,0,0,0,0,0,0,0,0,0,0,0,0
G2,213,LE_3b_16_L,LE-3-5B-16-L,5B,LE,3,3b,16,L,4,clear,30,0,0,6.5,0,>100,>250,0,0,>250,1,0,1,0,0,0,0,0,0,0,0,0,0,1,0,0,0,0,0,0,0
G5,200,LE_3b_02_L,LE-3-5B-2-L,5B,LE,3,3b,2,L,4,clear,30,0,0,6.5,0,0,>1000,0,0,>50,0,0,>10,0,0,0,0,0,0,0,0,0,0,6,0,0,0,0,0,0,0
B4,209,LE_3a_15_E,LE-3-5C-15-E,5C,LE,3,3a,15,E,3,brown,21.5,0,0,8,0,>1000,>1000,0,0,0,0,0,0,0,0,0,0,>100,0,0,0,0,0,0,0,0,0,0,0,0,0
B7,206,LE_3a_06_E,LE-3-5C-6-E,5C,LE,3,3a,6,E,4.5,clear,22,0,0,8,0,>500,>2500,0,0,0,0,0,>500,0,0,0,0,0,1,0,0,0,0,0,0,0,0,0,0,0,0
C2,199,LE_3a_03_E,LE-3-5C-3-E,5C,LE,3,3a,3,E,10,clear,38,0,0,7,0,>250,>250,0,0,0,0,0,>50,1,0,0,0,0,0,0,0,0,0,0,>100,0,0,0,0,0,0
C8,210,LE_3a_13_L,LE-3-5C-13-L,5C,LE,3,3a,13,L,6,brown,49,0,0,6,0,>2500,>1000,0,0,0,0,0,0,>100,0,0,>10,0,0,0,>10,0,0,0,0,0,0,0,0,0,0
C9,207,LE_3a_05_L,LE-3-5C-5-L,5C,LE,3,3a,5,L,14.5,brown,43,0,0,6,>100,0,>1000,0,0,4,0,0,0,0,0,0,>10,>100,0,0,1,0,0,0,0,0,0,0,0,0,0
D5,215,LE_3a_12_E,LE-3-5C-12-E,5C,LE,3,3a,12,E,4,clear,25,0,0,8,0,>1000,0,0,0,0,0,0,0,0,0,0,0,0,0,0,0,0,0,0,0,0,0,0,0,0,0
D7,204,LE_3a_08_E,LE-3-5C-8-E,5C,LE,3,3a,8,E,5,cloudy,32.5,0,0,8,>1000,0,0,0,0,0,0,0,0,0,0,0,0,0,0,0,0,0,0,0,>100,0,0,0,0,0,0
E10,208,LE_3a_04_L,LE-3-5C-4-L,5C,LE,3,3a,4,L,16,clear,51,0,0,6,0,0,0,3,0,0,0,0,0,0,0,0,0,0,0,0,0,0,0,0,>250,0,0,0,0,0,0
E3,205,LE_3a_07_E,LE-3-5C-7-E,5C,LE,3,3a,7,E,4.5,clear,29,0,0,9,0,>1000,0,0,0,1,0,0,0,7,0,0,0,0,0,0,0,0,0,0,0,0,0,0,0,0,0
E5,216,LE_3a_11_L,LE-3-5C-11-L,5C,LE,3,3a,11,L,5,cloudy,63,0,0,7,0,>50,0,0,0,>100,0,0,0,0,0,0,0,0,0,0,0,0,0,0,>2500,0,0,0,0,0,0
E6,212,LE_3a_09_E,LE-3-5C-9-E,5C,LE,3,3a,9,E,5,clear,12.5,0,0,8,0,0,>1000,0,0,0,0,0,0,0,0,0,0,0,0,0,0,0,0,0,0,0,0,0,0,0,0
F6,214,LE_3a_14_L,LE-3-5C-14-L,5C,LE,3,3a,14,L,9.5,clear,54,0,0,5,>100,0,>250,0,0,0,0,0,>500,0,0,0,0,0,0,0,0,0,0,0,>500,>50,0,0,0,0,0
G10,211,LE_3a_10_L,LE-3-5C-10-L,5C,LE,3,3a,10,L,7,clear,44,0,0,6,0,0,0,3,0,6,0,0,0,0,0,0,0,>1000,11,0,0,0,0,0,>10,>50,0,0,0,0,0
B6,240,LE_2b_06_L,LE-2-7B-6-L,7B,LE,2,2b,6,L,5,brown,10,0,0,6.5,0,0,>1000,0,0,0,0,0,>500,0,0,0,0,0,0,0,0,0,0,0,0,0,0,0,0,0,0
B8,233,LE_2b_03_E,LE-2-7B-3-E,7B,LE,2,2b,3,E,7,clear,35,0,0,7.5,0,>1000,>500,0,0,0,0,0,>50,0,0,0,0,0,0,0,0,0,0,0,0,0,0,0,0,0,0
C4,238,LE_2b_08_L,LE-2-7B-8-L,7B,LE,2,2b,8,L,2.5,clear,19,0,0,6,0,>1000,>5000,0,0,>50,0,>500,0,2,0,0,0,0,0,0,0,0,0,0,0,2,0,0,0,0,0
F10,232,LE_2b_04_L,LE-2-7B-4-L,7B,LE,2,2b,4,L,5,green,33,0,0,6,0,0,>1000,0,0,0,4,0,>1000,0,0,0,0,>2500,0,0,0,0,0,0,0,0,0,0,0,0,0
F11,235,LE_2b_01_E,LE-2-7B-1-E,7B,LE,2,2b,1,E,12.5,clear,49,0,0,7,0,>50,>100,0,0,8,0,0,0,0,0,0,0,0,0,0,0,0,0,0,>50,0,0,0,0,0,0
F4,239,LE_2b_07_L,LE-2-7B-7-L,7B,LE,2,2b,7,L,4,clear,21,0,0,5,0,0,>50,0,0,0,0,0,>10,>10,0,0,0,0,0,0,0,0,0,4,0,0,0,0,0,0,0
F5,241,LE_2b_05_E,LE-2-7B-5-E,7B,LE,2,2b,5,E,7.5,clear,18,0,0,6.5,0,>250,>250,0,0,2,0,0,4,0,0,0,0,0,0,0,0,0,0,0,0,>10,0,0,0,0,0
F9,234,LE_2b_02_E,LE-2-7B-2-E,7B,LE,2,2b,2,E,4.5,clear,23.5,0,0,8,0,0,>5000,0,0,3,0,0,0,0,0,0,0,>5000,0,0,0,0,0,0,2,0,0,0,0,0,0
B10,196,LE_2a_12_L,LE-2-7C-12-L,7C,LE,2,2a,12,L,8,cloudy,17.5,0,0,6.5,0,>500,>5000,0,0,0,0,0,>50,0,0,0,0,>500,0,0,0,0,0,0,0,0,0,0,0,0,0
B11,195,LE_2a_13_E,LE-2-7C-13-E,7C,LE,2,2a,13,E,8,clear,17,1,0,6.5,0,>100,>500,0,0,0,0,0,0,0,0,0,0,>50,0,0,0,0,0,0,0,0,0,0,0,0,0
B5,203,LE_2a_15_E,LE-2-7C-15-E,7C,LE,2,2a,15,E,6,clear,27.5,0,0,7,0,>100,>1000,0,0,0,0,0,0,0,0,0,0,0,0,0,0,0,0,0,0,0,0,0,0,0,0
D8,202,LE_2a_16_L,LE-2-7C-16-L,7C,LE,2,2a,16,L,4,clear,9.5,0,0,7,>250,0,>2500,0,0,2,0,0,0,0,0,0,0,>50,8,0,0,0,0,0,0,0,0,0,0,0,0
F2,194,LE_2a_14_L,LE-2-7C-14-L,7C,LE,2,2a,14,L,7.5,clear,34,0,0,5,0,0,>100,0,0,2,0,0,>500,0,0,0,0,0,0,0,0,0,0,0,0,>10,0,0,0,0,0
G3,197,LE_2a_11_E,LE-2-7C-11-E,7C,LE,2,2a,11,E,9,clear,27.5,0,0,7,>10,0,>1000,0,0,0,0,0,0,0,0,0,0,0,0,0,0,0,0,0,1,0,0,0,0,0,0
G7,237,LE_2a_09_L,LE-2-7C-9-L,7C,LE,2,2a,9,L,5,clear,42.5,0,0,6.5,0,>1000,>2500,0,0,0,0,0,0,0,0,0,0,0,>10,0,0,0,0,0,0,0,0,0,0,0,0
G9,198,LE_2a_10_E,LE-2-7C-10-E,7C,LE,2,2a,10,E,10,clear,31,0,0,7,>50,0,>5000,0,0,0,0,0,0,0,0,0,0,0,0,0,0,0,0,0,0,>100,0,0,0,0,0
D2,225,LE_1b_07_E,LE-1-9A-7-E,9A,LE,1,1b,7,E,4,clear,54,0,0,8,0,0,>250,0,0,0,0,0,0,0,0,0,0,0,2,0,0,0,0,0,0,0,0,0,0,0,0
D9,219,LE_1b_03_E,LE-1-9A-3-E,9A,LE,1,1b,3,E,4,clear,16,0,0,8,>500,0,0,0,0,0,0,0,0,0,0,0,0,0,0,0,0,0,0,0,0,0,0,0,0,0,0
E8,217,LE_1b_05_E,LE-1-9A-5-E,9A,LE,1,1b,5,E,3.5,clear,12,0,0,7.5,>50,0,>2500,0,0,>250,0,0,0,0,0,0,0,0,0,0,0,0,0,0,0,0,0,0,0,0,0
F3,226,LE_1b_06_L,LE-1-9A-6-L,9A,LE,1,1b,6,L,4,clear,27,0,0,6.5,0,>5000,0,20,0,>250,0,0,0,4,0,0,0,0,0,0,0,0,0,0,1,0,0,0,0,0,0
G6,218,LE_1b_04_L,LE-1-9A-4-L,9A,LE,1,1b,4,L,6,brown,20,0,0,7,0,0,>5000,0,0,0,0,0,0,0,0,0,0,0,0,0,>10,0,0,0,>1000,0,0,0,0,0,0
H7,221,LE_1b_02_L,LE-1-9A-2-L,9A,LE,1,1b,2,L,17,brown,63,0,0,7,>1000,0,0,0,0,>500,>100,0,0,0,0,0,0,0,0,0,0,0,0,0,0,0,0,0,0,0,0
H8,220,LE_1b_01_L,LE-1-9A-1-L,9A,LE,1,1b,1,L,7,clear,30,0,0,6,0,>2500,0,0,0,0,0,0,0,0,0,0,0,0,2,0,0,0,0,0,0,0,0,0,0,0,0
C6,224,LE_1a_08_E,LE-1-9B-8-E,9B,LE,1,1a,8,E,10,clear,19,0,0,6,>100,0,0,0,0,>100,0,0,0,0,0,0,0,0,0,0,0,0,0,0,>250,0,1,0,0,0,0
C7,222,LE_1a_10_L,LE-1-9B-10-L,9B,LE,1,1a,10,L,30,clear,34,0,0,6,0,0,>1000,0,0,>250,0,0,>50,0,0,0,>250,0,0,0,0,0,0,0,0,0,0,0,0,0,0
D4,231,LE_1a_13_L,LE-1-9B-13-L,9B,LE,1,1a,13,L,5,cloudy,29,0,0,6.5,0,>50,>1000,0,0,0,0,0,0,0,0,0,0,0,>50,0,0,0,0,0,>1000,0,0,0,0,0,0
D6,236,LE_1a_16_E,LE-1-9B-16-E,9B,LE,1,1a,16,E,4,clear,24,0,0,8,0,>500,>500,0,0,0,0,0,0,0,0,0,0,0,0,0,0,0,0,0,>100,0,0,0,0,0,0
E9,230,LE_1a_11_E,LE-1-9B-11-E,9B,LE,1,1a,11,E,10,clear,40,0,0,7.5,>250,0,>500,0,0,32,0,0,0,0,0,0,0,0,0,0,0,0,0,0,>250,0,0,0,0,0,0
G11,227,LE_1a_15_L,LE-1-9B-15-L,9B,LE,1,1a,15,L,10,brown,29,0,0,6,>500,0,0,0,0,>500,0,0,0,0,0,0,0,0,>250,0,0,0,0,0,>500,0,0,0,0,0,0
G4,229,LE_1a_12_L,LE-1-9B-12-L,9B,LE,1,1a,12,L,15,cloudy,86.5,0,0,6.5,0,>250,0,0,0,0,0,0,0,0,0,0,0,0,15,0,0,0,0,0,>500,0,0,0,0,0,0
G8,228,LE_1a_14_E,LE-1-9B-14-E,9B,LE,1,1a,14,E,5,clear,10,0,1,8,>2500,0,0,0,0,>250,0,0,0,0,0,0,0,0,0,0,0,0,0,0,>50,0,0,0,0,0,0
H5,223,LE_1a_09_E,LE-1-9B-9-E,9B,LE,1,1a,9,E,7.5,clear,15,0,0,6,>10,>50,>100,0,0,>10,0,0,0,0,0,0,0,0,0,0,0,0,0,0,>250,>100,0,0,0,0,0
B8,272,LV_1b_11_L,LV-1-2-11-L,2,LV,1,1b,11,L,12.5,clear,13.5,0,0,6.5,0,0,2,0,0,0,0,0,0,0,0,0,0,0,0,0,0,0,0,0,0,0,0,0,0,0,0
C7,270,LV_1b_13_L,LV-1-2-13-L,2,LV,1,1b,13,L,7.5,clear,7,0,0,7,0,0,0,0,0,0,0,0,0,0,0,0,0,0,0,0,0,0,0,0,0,0,0,0,0,0,0
E9,271,LV_1b_12_L,LV-1-2-12-L,2,LV,1,1b,12,L,15.5,clear,17,0,0,7,>500,0,0,0,0,0,0,0,0,0,0,0,0,0,23,0,0,0,0,0,0,0,0,0,0,0,0
B10,266,LV_1a_07_L,LV-1-3-7-L,3,LV,1,1a,7,L,4,clear,15,0,0,6,>500,0,>50,0,0,0,0,0,0,0,0,0,1,0,0,0,0,0,0,0,0,0,0,0,0,0,0
B9,265,LV_1a_08_E,LV-1-3-8-E,3,LV,1,1a,8,E,7,clear,27,0,0,6.5,>1000,0,>500,0,0,0,0,0,0,0,0,0,0,0,0,0,0,0,0,0,0,0,0,0,0,0,0
C8,269,LV_1a_14_E,LV-1-3-14-E,3,LV,1,1a,14,E,3.5,clear,10,0,0,6.5,>10,0,0,0,0,0,0,0,0,0,0,0,0,0,0,0,0,0,0,0,0,0,0,0,0,0,0
C9,260,LV_1a_03_L,LV-1-3-3-L,3,LV,1,1a,3,L,20,clear,31,0,0,6,>1000,0,0,0,0,0,0,0,0,0,0,0,0,0,0,0,0,0,0,0,0,0,0,0,0,0,0
D11,277,LV_1a_16_E,LV-1-3-16-E,3,LV,1,1a,16,E,10,clear,18,0,0,6,0,0,0,0,0,2,0,0,0,0,0,0,0,>500,0,0,0,0,0,0,0,0,0,0,0,0,0
D6,267,LV_1a_06_L,LV-1-3-6-L,3,LV,1,1a,6,L,15,clear,40,0,0,7,>50,0,>100,0,0,>50,0,0,0,0,0,0,>10,0,0,0,0,0,0,0,0,0,0,>500,0,0,0
E11,268,LV_1a_15_E,LV-1-3-15-E,3,LV,1,1a,15,E,5,clear,14,0,0,7,>500,0,>2500,0,38,0,0,0,0,0,0,0,0,0,0,0,5,0,0,0,0,0,0,0,0,0,0
G2,258,LV_1a_05_E,LV-1-3-5-E,3,LV,1,1a,5,E,4,clear,9.5,0,0,6,>500,0,0,0,0,0,0,0,0,12,0,0,0,0,0,0,0,0,0,0,0,0,0,0,0,0,0
G4,259,LV_1a_04_E,LV-1-3-4-E,3,LV,1,1a,4,E,7,clear,19,0,0,7,>100,0,>1000,0,0,0,0,0,0,0,0,0,0,0,0,0,0,0,0,0,0,0,0,0,0,0,0
G7,261,LV_1a_02_E,LV-1-3-2-E,3,LV,1,1a,2,E,5,clear,13.5,0,0,7,>500,0,>500,0,0,0,0,0,0,0,0,0,0,0,0,0,0,0,0,0,0,0,0,0,0,0,0
G9,262,LV_1a_01_L,LV-1-3-1-L,3,LV,1,1a,1,L,7.5,clear,34,0,0,7,0,0,0,0,0,0,0,0,0,0,0,0,0,0,0,0,0,0,0,0,0,0,0,0,0,0,0
H5,264,LV_1a_09_L,LV-1-3-9-L,3,LV,1,1a,9,L,15,clear,15,0,0,7,0,0,>500,0,0,0,0,0,0,0,0,0,0,0,0,0,0,0,0,0,0,0,0,0,0,0,0
H6,263,LV_1a_10_E,LV-1-3-10-E,3,LV,1,1a,10,E,5,clear,8.5,0,0,6,>50,0,>100,0,0,0,0,0,0,0,0,0,0,0,0,0,0,0,0,0,0,0,0,0,0,0,0
B4,281,LV_2b_06_L,LV-2-7-6-L,7,LV,2,2b,6,L,7.5,cloudy,20,0,0,6.5,0,0,0,0,0,0,0,0,0,0,0,0,0,0,0,0,0,0,0,0,0,0,0,>50,0,0,0
C10,280,LV_2b_07_L,LV-2-7-7-L,7,LV,2,2b,7,L,12.5,brown,22,0,0,7,0,0,0,0,0,0,0,0,0,0,0,0,0,0,0,0,0,0,0,0,0,0,0,0,0,0,0
C11,303,LV_2b_12_L,LV-2-7-12-L,7,LV,2,2b,12,L,5,clear,9,0,0,6,0,0,0,0,0,0,0,0,0,0,0,0,0,0,0,0,0,0,0,0,0,0,0,0,0,0,0
C6,282,LV_2b_05_E,LV-2-7-5-E,7,LV,2,2b,5,E,4,clear,8,0,0,6.5,0,0,1,0,0,1,0,0,0,0,0,0,0,1,0,0,0,0,0,0,0,0,0,0,0,0,0
D5,304,LV_2b_13_L,LV-2-7-13-L,7,LV,2,2b,13,L,4,clear,17,0,0,7,0,0,0,0,0,0,0,>500,0,0,0,0,0,>500,0,0,0,0,0,0,0,0,0,0,0,0,0
D7,302,LV_2b_11_L,LV-2-7-11-L,7,LV,2,2b,11,L,4,clear,11.5,0,0,6.5,0,0,0,0,0,0,0,0,0,0,0,0,0,>100,0,0,0,0,0,0,0,0,0,0,0,0,0
D8,274,LV_2b_03_L,LV-2-7-3-L,7,LV,2,2b,3,L,15,clear,15,0,0,6,7,0,0,0,0,0,0,0,0,0,0,0,0,0,0,0,0,0,0,0,0,0,0,0,0,0,0
D9,275,LV_2b_02_E,LV-2-7-2-E,7,LV,2,2b,2,E,3.5,clear,4,0,0,6.5,0,0,0,0,0,0,0,0,0,0,0,0,0,0,0,0,0,0,0,0,0,0,0,0,0,0,0
E7,278,LV_2b_09_E,LV-2-7-9-E,7,LV,2,2b,9,E,4,clear,5.5,0,0,7,0,0,2,0,0,0,0,0,1,0,0,0,0,0,0,0,0,0,0,0,0,0,0,0,0,0,0
F10,301,LV_2b_10_E,LV-2-7-10-E,7,LV,2,2b,10,E,4,clear,4.5,0,0,7,0,0,0,0,0,0,0,0,0,0,0,0,0,0,0,0,0,0,0,0,0,0,0,0,0,0,0
F11,273,LV_2b_04_L,LV-2-7-4-L,7,LV,2,2b,4,L,9.5,clear,23.5,0,0,6,0,0,0,0,0,0,0,0,0,0,0,0,0,0,22,0,0,0,0,0,0,0,0,0,0,0,0
F4,276,LV_2b_01_L,LV-2-7-1-L,7,LV,2,2b,1,L,7.5,clear,9.5,0,0,6.5,0,0,0,0,0,0,0,0,0,0,0,0,0,0,0,0,0,0,0,0,0,0,0,0,0,0,0
F6,279,LV_2b_08_E,LV-2-7-8-E,7,LV,2,2b,8,E,2,clear,2,0,0,6.5,0,0,0,0,0,0,0,0,0,0,0,0,0,0,0,0,0,0,0,0,0,0,0,>50,0,0,0
B2,298,LV_2a_15_E,LV-2-8-15-E,8,LV,2,2a,15,E,5,cloudy,30,0,0,7,0,6,>50,0,0,0,0,0,0,0,0,0,0,0,0,0,0,0,0,0,0,0,0,0,0,0,0
B7,305,LV_2a_14_E,LV-2-8-14-E,8,LV,2,2a,14,E,12,cloudy,12,0,0,6.5,0,0,0,0,0,9,0,0,2,1,0,0,0,0,0,0,0,0,0,0,0,0,0,>500,0,0,0
G6,299,LV_2a_16_E,LV-2-8-16-E,8,LV,2,2a,16,E,7,clear,9.5,0,0,7,0,0,0,0,0,0,0,0,0,0,0,0,0,0,0,0,0,0,0,0,0,0,0,0,0,0,0
B11,286,LV_3c_15_E,LV-3-10-15-E,10,LV,3,3c,15,E,1.5,clear,1.5,0,0,6.5,0,0,0,0,0,0,0,0,0,1,0,0,0,0,0,0,0,0,0,0,0,0,0,0,0,0,0
C2,285,LV_3c_14_E,LV-3-10-14-E,10,LV,3,3c,14,E,2,clear,3,0,0,6,0,0,0,0,0,0,0,0,0,0,0,0,0,0,0,0,0,0,0,0,0,0,0,0,0,0,0
C4,290,LV_3c_09_L,LV-3-10-9-L,10,LV,3,3c,9,L,2,clear,5.5,0,0,6,0,0,1,0,0,0,0,0,4,0,0,0,0,0,0,0,0,0,0,0,0,0,0,0,0,0,0
C5,283,LV_3c_12_E,LV-3-10-12-E,10,LV,3,3c,12,E,2.5,clear,3,0,0,6.5,0,0,0,0,0,0,0,0,0,1,0,0,0,0,0,0,0,0,0,0,0,0,0,0,0,0,0
D2,284,LV_3c_13_E,LV-3-10-13-E,10,LV,3,3c,13,E,1.5,clear,1.5,0,0,7,0,0,0,0,0,0,0,0,0,0,0,0,0,0,0,0,0,0,0,0,0,0,0,0,0,0,0
E2,289,LV_3c_08_L,LV-3-10-8-L,10,LV,3,3c,8,L,2,clear,8,0,0,6,0,0,0,0,0,0,0,0,0,>10,0,1,0,0,6,0,0,0,0,0,0,0,0,0,0,0,0
F9,292,LV_3c_11_L,LV-3-10-11-L,10,LV,3,3c,11,L,3,clear,5,0,0,7,0,0,0,0,0,0,0,0,0,0,0,0,0,0,0,0,0,0,0,0,0,0,0,0,0,0,0
H8,291,LV_3c_10_L,LV-3-10-10-L,10,LV,3,3c,10,L,1.5,clear,2,0,0,7,0,0,0,0,0,0,0,0,0,0,0,0,0,0,33,0,0,0,0,0,0,0,0,0,0,0,0
D10,288,LV_3b_07_E,LV-3-11-7-E,11,LV,3,3b,7,E,5,clear,11,0,0,7,0,0,0,0,0,0,0,>10,0,0,0,0,0,>100,0,0,0,0,0,0,0,0,0,0,0,0,0
E4,300,LV_3b_01_L,LV-3-11-1-L,11,LV,3,3b,1,L,3,clear,9,0,0,7,0,0,0,0,0,0,0,0,0,0,0,0,0,>500,0,0,0,0,0,0,0,0,0,0,0,0,0
E6,293,LV_3b_02_E,LV-3-11-2-E,11,LV,3,3b,2,E,4,clear,8,0,0,7,0,0,0,0,0,0,0,0,0,0,0,0,0,0,0,0,0,0,0,0,0,0,0,0,0,0,0
E8,295,LV_3b_04_E,LV-3-11-4-E,11,LV,3,3b,4,E,1.5,clear,3.5,0,0,7,0,0,0,0,0,0,0,0,0,0,0,0,0,>500,>250,0,0,0,0,1,0,0,0,0,0,0,0
F2,294,LV_3b_03_E,LV-3-11-3-E,11,LV,3,3b,3,E,2,clear,4,0,0,6.5,0,0,0,0,0,0,0,0,0,0,0,0,0,12,0,0,0,0,0,0,0,0,0,0,1,0,0
G10,297,LV_3b_06_L,LV-3-11-6-L,11,LV,3,3b,6,L,2,clear,6,0,0,7,0,0,0,0,0,0,0,0,0,0,0,0,0,0,0,0,0,0,0,0,0,0,0,0,0,0,0
G3,296,LV_3b_05_L,LV-3-11-5-L,11,LV,3,3b,5,L,2,clear,7,0,0,7,0,0,0,0,0,0,0,0,0,0,0,0,0,0,0,0,0,0,0,0,0,0,0,0,0,0,0
G5,287,LV_3a_16_L,LV-3-12-16-L,12,LV,3,3a,16,L,2,clear,5,0,0,7,0,0,0,0,0,0,0,0,0,0,0,0,0,0,0,0,0,0,0,0,0,0,0,0,0,0,0
B3,309,LV_4b_11_E,LV-4-15-11-E,15,LV,4,4b,11,E,10,green,10,0,0,7,0,0,0,0,0,0,0,0,0,0,0,0,0,>10000,0,0,0,0,0,0,0,0,0,0,0,0,0
B6,311,LV_4b_12_E,LV-4-15-12-E,15,LV,4,4b,12,E,3.5,clear,6.5,0,0,6.5,0,0,0,0,0,0,0,0,0,0,0,0,0,0,0,0,0,0,0,0,0,0,0,0,0,0,0
C3,315,LV_4b_09_E,LV-4-15-9-E,15,LV,4,4b,9,E,4,clear,5,0,0,6,0,0,0,0,0,0,0,0,0,0,0,0,0,0,0,0,0,0,0,0,0,0,0,0,0,0,0
D3,308,LV_4b_13_L,LV-4-15-13-L,15,LV,4,4b,13,L,4,clear,9,0,0,7,0,0,0,0,0,0,0,0,0,0,0,0,0,0,0,0,0,0,0,0,0,0,0,6,0,0,0
D4,320,LV_4b_04_L,LV-4-15-4-L,15,LV,4,4b,4,L,7.5,clear,10,0,0,7,>500,0,0,0,>50,0,0,0,0,0,0,0,0,0,0,0,>10,0,0,0,0,0,0,0,0,0,0
E3,318,LV_4b_02_L,LV-4-15-2-L,15,LV,4,4b,2,L,4,clear,7.5,0,0,6.5,0,0,0,0,0,2,0,0,0,0,0,0,0,>1000,0,0,0,0,0,0,0,0,0,0,0,0,0
E5,317,LV_4b_01_E,LV-4-15-1-E,15,LV,4,4b,1,E,4,clear,9.5,0,0,7,0,0,0,0,0,0,0,0,0,0,0,0,0,0,0,0,0,0,0,0,0,0,0,0,0,0,0
F3,312,LV_4b_06_E,LV-4-15-6-E,15,LV,4,4b,6,E,4,clear,5,0,0,6.5,0,0,0,0,0,0,0,0,0,0,0,0,0,0,16,0,0,0,0,0,0,0,0,0,0,0,0
F5,307,LV_4b_10_L,LV-4-15-10-L,15,LV,4,4b,10,L,5,clear,6,0,0,6.5,0,0,0,0,0,0,0,0,0,0,0,0,0,0,0,0,0,0,0,0,0,0,0,0,0,0,0
F7,321,LV_4b_05_E,LV-4-15-5-E,15,LV,4,4b,5,E,3.5,clear,5.5,0,0,6,0,0,0,0,0,1,0,0,0,0,0,0,0,0,9,0,0,0,0,0,0,0,0,0,0,0,0
F8,314,LV_4b_08_E,LV-4-15-8-E,15,LV,4,4b,8,E,2,clear,2.5,0,0,6,0,0,0,0,0,0,0,0,0,0,0,0,0,0,0,0,0,0,0,0,0,0,0,0,0,0,0
G11,313,LV_4b_07_E,LV-4-15-7-E,15,LV,4,4b,7,E,2,clear,7,0,0,8,0,1,0,0,0,0,0,0,0,0,0,0,0,0,0,0,0,0,0,0,0,0,0,>100,0,0,0
H7,319,LV_4b_03_L,LV-4-15-3-L,15,LV,4,4b,3,L,7.5,clear,8.5,0,0,6,0,0,0,24,0,0,0,0,0,0,0,0,0,>250,0,0,0,0,0,1,0,0,0,0,0,0,0
B5,316,LV_4a_15_L,LV-4-18-15-L,18,LV,4,4a,15,L,1.5,clear,3,1,0,NA,0,0,0,0,0,0,0,0,0,0,0,0,0,0,0,0,0,0,0,0,0,0,0,4,0,0,0
E10,306,LV_4a_16_L,LV-4-18-16-L,18,LV,4,4a,16,L,2,clear,2,0,0,6.5,0,0,0,0,0,0,0,0,0,0,0,0,0,0,0,0,0,0,0,0,0,0,0,0,0,0,0
G8,310,LV_4a_14_L,LV-4-18-14-L,18,LV,4,4a,14,L,4,clear,6,0,0,7,0,0,>500,0,0,0,0,0,0,0,0,0,0,0,>50,0,0,0,0,0,0,0,0,0,0,0,0
